TimeStamp,Delta_TP9,Delta_AF7,Delta_AF8,Delta_TP10,Theta_TP9,Theta_AF7,Theta_AF8,Theta_TP10,Alpha_TP9,Alpha_AF7,Alpha_AF8,Alpha_TP10,Beta_TP9,Beta_AF7,Beta_AF8,Beta_TP10,Gamma_TP9,Gamma_AF7,Gamma_AF8,Gamma_TP10,RAW_TP9,RAW_AF7,RAW_AF8,RAW_TP10,AUX_RIGHT,Accelerometer_X,Accelerometer_Y,Accelerometer_Z,Gyro_X,Gyro_Y,Gyro_Z,HeadBandOn,HSI_TP9,HSI_AF7,HSI_AF8,HSI_TP10,Battery,Elements
2021-11-01 17:38:23.614,1.984870198800517,0.9939445700181033,1.082529443414363,1.417176706130937,0.8989137735774171,0.3079534791890011,0.6421763451653452,0.6510370904361709,1.358695743836026,0.3592271966863413,0.6908915485738115,0.8109727242363945,0.5528551046707648,0.2139415504798299,0.162688788444453,0.7744152501029666,0.3570194492756438,-0.1533764346134379,-0.2674790377504737,0.8718147301542994,749.4505494505495,782.0879120879121,815.934065934066,804.2490842490843,731.7216117216118,0.183289,0.041931,0.992188,5.398254,-5.876770,2.235565,1,1,1,1,1,80.000000
2021-11-01 17:38:24.618,1.984870198800517,0.8009229184694036,0.7372415908455863,1.120379938083823,0.8989137735774171,0.1501469648719456,0.3320865259342212,0.5782883115059043,1.358695743836026,0.1745173514745553,0.6550370789175842,0.9162278500194638,0.5528551046707648,0.1162227818530591,0.2637231641006315,0.7155416519392336,0.3570194492756438,-0.2959421237565272,-0.1883196207050208,0.495706781210548,755.8974358974359,790.952380952381,792.5641025641025,796.5934065934066,738.974358974359,0.174561,0.042786,0.997864,5.794525,-4.957123,-1.562653,1,1,1,1,1,80.000000
2021-11-01 17:38:25.620,0.997865953053759,0.5429494893433584,0.5420757834591849,1.007387962907094,0.4739484494266377,0.04142896948896016,-0.08565249667827828,0.3756626067619456,0.9759509498441673,0.01804721968288562,0.1749609172234203,0.7437238137335007,0.6447832562926191,-0.03825099135933331,0.2058915210740071,0.6914343107726856,0.1549456660008818,-0.3210406667872164,-0.2901872168880629,0.5118044356198866,798.2051282051282,790.5494505494506,805.4578754578755,819.96336996337,736.1538461538462,0.156433,0.040955,1.003357,5.084229,-5.600128,-4.605713,1,1,1,1,1,80.000000
2021-11-01 17:38:26.455,,,,,,,,,,,,,,,,,,,,,,,,,,,,,,,,,,,,,,/muse/elements/blink
2021-11-01 17:38:26.622,1.158009471735115,0.0532285118962823,0.6131434154295222,1.023774327806197,0.4412417272433776,-0.4282061789746882,-0.06442010410159524,0.5389091232598809,0.9677271305767665,0.1666341984514444,0.3782377542280517,0.7385151059128802,0.5877795244057836,0.1132106095851941,0.09587587113322936,0.796853315219202,0.341433128103865,-0.2650728741003566,-0.2462477710560251,0.5260681785401085,775.2380952380953,788.1318681318681,786.9230769230769,821.5750915750916,708.7545787545788,0.157593,0.051086,0.996155,4.127197,-5.211334,-1.555176,1,1,1,1,1,80.000000
2021-11-01 17:38:27.078,,,,,,,,,,,,,,,,,,,,,,,,,,,,,,,,,,,,,,/muse/elements/blink
2021-11-01 17:38:27.616,1.492846198243271,0.5267446339906013,0.8434490619632096,1.127523248433993,0.6332962096048905,0.1759426414174405,0.2960060868493045,0.6479578016244937,0.8286547846088503,0.2211558881900247,0.362817376720875,0.406272507076447,0.5837544333375658,0.01348485345470419,0.1028934644967057,0.9004180888302328,0.459540432031632,-0.1888847861721342,-0.2861733469854268,0.5510850191872853,817.5457875457876,783.6996336996338,776.0439560439561,830.0366300366301,842.5274725274726,0.161804,0.047363,0.996704,4.471130,-4.710388,-3.282318,1,1,1,1,1,80.000000
2021-11-01 17:38:27.675,,,,,,,,,,,,,,,,,,,,,,,,,,,,,,,,,,,,,,/muse/elements/blink
2021-11-01 17:38:28.610,1.492846198243271,0.3554690463285905,0.6880398285360108,1.127523248433993,0.6332962096048905,-0.01405090496144513,0.5001560092635225,0.6479578016244937,0.8286547846088503,0.02871202603675949,0.3778422504503756,0.406272507076447,0.5837544333375658,-0.03349810912007728,0.06461313654134092,0.9004180888302328,0.459540432031632,-0.3455973889828357,-0.1928543613020901,0.5510850191872853,775.2380952380953,781.6849816849817,791.3553113553114,770.8058608058608,670.8791208791209,0.175903,0.057739,0.992798,3.678589,-4.785156,-3.491669,1,1,1,1,1,80.000000
2021-11-01 17:38:29.610,0.7585022404098513,-0.1124875119981054,0.4187233396893404,0.6362116018818823,0.07155212142290021,-0.2808190558616346,0.2007187552491672,0.1288278976812738,0.2672691804147261,-0.2427081701004509,0.2681732732407626,0.7207700080869133,0.3813612815417202,-0.03679314719114497,-0.02301365237615452,0.5210463872501734,0.4021589407312814,-0.4163850544608797,-0.3043937980712549,0.668186392031668,751.4652014652015,783.6996336996338,788.5347985347986,805.0549450549451,782.0879120879121,0.163391,0.060547,0.991943,2.990723,-3.558960,-3.274841,1,1,1,1,1,80.000000
2021-11-01 17:38:30.612,0.9286626297014576,-0.143176816210741,0.1778392137614316,1.031340692613155,0.559002525090277,-0.3090240245780141,-0.04755694081919389,0.614652933351401,0.5656905600033447,0.1292392358872343,0.1472580002990979,0.6534949019911926,0.3229283037876712,-0.09350700448599418,-0.0752537220740639,0.7085082883443646,0.4076324345232359,-0.3208604737097381,-0.2871238215992761,0.5507214643106796,773.2234432234433,782.893772893773,790.1465201465202,790.5494505494506,776.4468864468864,0.160095,0.069641,0.993408,4.695435,-5.091705,-1.218719,1,1,1,1,1,80.000000
2021-11-01 17:38:31.610,0.6192562611158837,-0.3471433748865713,0.1927977374314452,0.7877983230104469,0.4022233612062582,-0.311764691021693,-0.007138316831549309,0.462241861781618,0.5761565541537205,0.1244711255149899,0.09708685191542382,0.564802095931623,0.4267954716564752,-0.1163153826014535,-0.1011516675775452,0.7030755720145645,0.1254800299336438,-0.3384535851812571,-0.2804121454387711,0.4110829938246174,753.0769230769231,779.6703296703297,773.6263736263736,763.5531135531136,748.6446886446887,0.167358,0.041321,0.983459,6.714172,-6.646881,-2.183228,1,1,1,1,1,80.000000
2021-11-01 17:38:32.227,,,,,,,,,,,,,,,,,,,,,,,,,,,,,,,,,,,,,,/muse/elements/blink
2021-11-01 17:38:32.616,0.6792240816509267,0.6030124597736986,0.5270204713000569,0.6359637823018635,0.5641681162495485,-0.06278193964444795,0.0565253512374165,0.3577083175726178,0.692994454088575,0.09736250304820228,-0.05362008066865678,0.5918856206431314,0.4658421956091529,-0.1119920220884463,-0.0265341332264136,0.7256021145634243,0.1265832567131281,-0.3898704556650285,-0.2701626811720701,0.4816851904132843,765.1648351648352,777.2527472527473,778.4615384615385,799.0109890109891,735.7509157509157,0.166443,0.073547,0.991333,5.615082,-3.887939,-5.271149,1,1,1,1,1,80.000000
2021-11-01 17:38:33.610,1.340603977231789,0.9690864420798299,0.6458043320654265,1.689360734037076,1.039994113085444,0.1092242243507197,0.03143591783217511,0.7434773890734426,1.326123061329805,0.2829624554943518,0.05351671132210392,1.042527237465388,0.790277279690166,-0.2048269921037275,-0.02478439834913799,1.076010324262202,0.6232474497527855,-0.2870354451564284,-0.2595237113008704,0.5038789413021251,702.7106227106227,763.956043956044,778.4615384615385,675.3113553113553,657.5824175824176,0.097168,0.090454,0.911865,18.071442,18.295746,-14.931183,1,1,1,1,1,80.000000
2021-11-01 17:38:33.777,,,,,,,,,,,,,,,,,,,,,,,,,,,,,,,,,,,,,,/muse/elements/blink
2021-11-01 17:38:34.043,,,,,,,,,,,,,,,,,,,,,,,,,,,,,,,,,,,,,,/muse/elements/blink
2021-11-01 17:38:34.610,1.372794855468068,1.312971529138148,1.728952549342964,1.689360734037076,1.014417345951634,0.1086521709744975,0.7710230722228143,0.7434773890734426,1.326990852516964,0.5649720426799264,0.252586672330833,1.042527237465388,0.7652569326002986,0.3701053475242277,0.2703536773755064,1.076010324262202,0.613992119399408,0.1279794826809739,0.02548735098841651,0.5038789413021251,745.0183150183151,776.0439560439561,763.1501831501831,757.9120879120879,938.4249084249085,0.106689,0.130981,0.986877,2.721558,-8.239441,-1.667328,1,1,1,1,1,80.000000
2021-11-01 17:38:35.620,0.7531757236546669,0.8881521329986851,1.680617726727127,1.183228066804119,0.4959228695915982,0.4154935401565886,0.7826961046744615,0.3598927732600031,0.4249817928354799,-0.04306522440378825,0.2249219778677516,0.5476213767185242,0.4020546820079033,0.04856674584473825,0.1761533253470945,0.3902308143759991,0.3961538843577407,-0.3784138276348362,-0.1663201412068055,0.4249211826017115,766.7765567765568,784.1025641025641,780.0732600732601,782.893772893773,801.025641025641,0.110352,0.124817,0.993469,3.895416,-5.114136,-2.960815,1,1,1,1,1,80.000000
2021-11-01 17:38:36.610,0.590862343132286,0.4574076436781317,0.5847239296034868,0.9556782581379318,0.4299025383591766,-0.09534947002593312,0.341329965767241,0.439959860672239,0.6222521893458536,0.04578603407783523,0.3104200878585809,0.6738641667769891,0.4537707431489782,-0.07781186348310633,0.005355079636997068,0.4322280813246354,0.2437114698948248,-0.6131229169205031,-0.4133334566699577,0.3240033210507396,784.9084249084249,787.3260073260074,777.6556776556777,788.1318681318681,756.3003663003664,0.109741,0.125061,0.991699,4.164581,-2.953339,-0.284119,1,1,1,1,1,80.000000
2021-11-01 17:38:37.610,0.3961871078750205,0.1401171934878546,0.4426248812805723,0.7150537649726906,0.6336274611873708,-0.1284740958340773,0.04176863734585839,0.5590373456133882,0.7750158417525144,0.105862203656156,0.4176788488654132,0.6044450152041048,0.4206652590085703,0.0818012250737485,0.02773987309847306,0.4111206298698407,0.2735343106720214,-0.3011113105369693,-0.27560157044374,0.1914776948674052,762.7472527472528,790.5494505494506,790.952380952381,784.1025641025641,652.7472527472528,0.127441,0.112915,0.999756,3.349609,-5.338440,-3.170166,1,1,1,1,1,80.000000
2021-11-01 17:38:37.904,,,,,,,,,,,,,,,,,,,,,,,,,,,,,,,,,,,,,,/muse/elements/blink
2021-11-01 17:38:38.609,0.6186777187538041,0.4333373840507941,0.746223243736568,0.897459802858846,0.8630970006794434,0.2853982429755842,0.3465743468464888,0.675519131619112,0.8091786498794856,0.2089948976169897,0.05894673769716294,0.5968179101774682,0.4340636956617995,0.01633972310808955,0.09270421653449266,0.3378472385932133,0.4499096813308187,-0.2554451964365992,-0.4384102740703867,0.3509898857574317,774.4322344322345,782.4908424908425,793.3699633699634,793.3699633699634,812.7106227106227,0.127441,0.125305,0.996521,4.403839,-4.515991,-2.773895,1,1,1,1,1,80.000000
2021-11-01 17:38:39.612,0.3821804486885768,0.3902254946510167,0.6567409645053731,0.3147093063994464,0.1452234757382003,0.1730045491401123,0.3494857050303748,0.08095326342550634,0.2692750987300959,0.2170790910660014,0.2375533642257615,0.5655963670376731,0.4743624184401811,-0.04138497781439546,0.08385841402488324,0.7045521087056058,0.1290226959856695,-0.3411664147963804,-0.4763450439663418,0.2888907402409231,782.893772893773,791.3553113553114,786.5201465201466,770,781.2820512820513,0.129883,0.116760,0.998840,3.760834,-4.717865,-2.228088,1,1,1,1,1,80.000000
2021-11-01 17:38:40.267,,,,,,,,,,,,,,,,,,,,,,,,,,,,,,,,,,,,,,/muse/elements/blink
2021-11-01 17:38:40.610,0.8128917591000324,0.6981981411319613,0.6140408282827469,0.3347727541535599,0.3709759542748936,0.2634382488020507,0.2484579672089664,0.07870841997008234,0.7743444937442741,0.701749966083674,0.2302807095532779,0.6159751658602677,0.5231494512144232,0.4903141369113094,-0.01721510262633833,0.6513328765669414,0.2093232997011412,0.2616521130138829,-0.4560958217244225,0.3134086062308404,784.9084249084249,804.2490842490843,828.4249084249085,782.4908424908425,739.3772893772893,0.051392,0.180298,1.005981,4.897308,-5.360870,-4.680481,1,1,1,1,1,80.000000
2021-11-01 17:38:41.610,1.067413182708035,1.156683595880804,0.877717412922534,0.498890659499575,0.5421967545377558,0.6328267623065807,-0.2037404543219192,0.04090759448976666,0.7743444937442741,0.6957215264643946,0.5219343558424686,0.5793418911022501,0.584778023466791,0.9325856699491643,0.7264254449074524,0.6151678919306414,0.3202524476303492,0.7074489906647039,0.8413126237980144,0.3587533928851803,809.8901098901099,803.4432234432235,790.1465201465202,800.6227106227107,843.7362637362637,0.041321,0.189697,0.982849,4.216919,-3.558960,-1.450500,1,1,1,1,1,80.000000
2021-11-01 17:38:42.610,1.327483819788653,0.5570418241541029,0.3158170914833239,1.72831380943186,0.617747650313674,0.1570326660028378,-0.07780691190374159,0.8889023571992054,1.039733855166791,0.5818989507827801,0.709388649976059,0.8323101895009595,1.054500210897633,1.339138301321181,1.176968484616482,1.065397693721191,0.7393226984839979,1.269911224738095,0.9091217485077357,0.9821359109516061,805.0549450549451,780.4761904761905,812.7106227106227,819.1575091575091,701.0989010989011,-0.002197,0.193848,0.993591,4.912262,-4.097290,0.246735,1,1,1,1,1,80.000000
2021-11-01 17:38:42.923,,,,,,,,,,,,,,,,,,,,,,,,,,,,,,,,,,,,,,/muse/elements/blink
2021-11-01 17:38:43.609,1.030744910098718,0.5096429526718688,0.2198344466366602,1.273880574776616,0.08555019390551609,0.1062563187052528,-0.2931732635381996,0.6422771064151097,1.010812125042384,0.6294826827699217,0.5425580720733056,0.7820578805728511,1.037922539171492,1.333534416559381,1.118105918988738,0.875117557514181,0.5144689266982725,1.227363313126511,0.6800291683751578,0.8447547494842539,856.6300366300367,774.4322344322345,795.7875457875458,873.956043956044,589.0842490842491,-0.000427,0.180847,0.988342,0.957031,-7.095490,13.719940,1,1,1,1,1,70.000000
2021-11-01 17:38:43.630,,,,,,,,,,,,,,,,,,,,,,,,,,,,,,,,,,,,,,/muse/elements/blink
2021-11-01 17:38:44.612,0.9239384419799007,1.398173888819351,1.315208469421748,1.169097299748081,0.1060500446937914,0.8504543256107,0.5970517679979124,0.6257378977610589,0.9535791361127931,0.5700432650719087,0.5573441487848327,0.7367189503764976,0.9220519984532907,1.234264758748956,0.6798496851426844,0.8861644204169767,0.4773243764778429,0.9342699887656642,0.2561752174611225,0.8467482237212951,567.3260073260074,831.6483516483516,757.9120879120879,513.7362637362637,635.8241758241759,0.032104,0.173767,0.995056,4.284210,-4.844971,-6.616974,1,1,1,1,1,70.000000
2021-11-01 17:38:44.841,,,,,,,,,,,,,,,,,,,,,,,,,,,,,,,,,,,,,,/muse/elements/blink
2021-11-01 17:38:45.610,0.9239384419799007,1.475406886291557,1.69644964863512,1.169097299748081,0.1060500446937914,0.8831221224293816,0.8758611465661031,0.6257378977610589,0.9535791361127931,0.9280568174462973,0.621474929924401,0.7367189503764976,0.9220519984532907,0.9947863503966901,1.07301022068029,0.8861644204169767,0.4773243764778429,0.8303399627938649,1.070977744426083,0.8467482237212951,801.8315018315019,799.8168498168499,803.8461538461539,805.8608058608058,738.974358974359,-0.030701,0.217041,0.993591,3.200073,-6.497345,-1.637421,1,2,1,1,2,70.000000
2021-11-01 17:38:45.964,,,,,,,,,,,,,,,,,,,,,,,,,,,,,,,,,,,,,,/muse/elements/blink
2021-11-01 17:38:46.610,0.9239384419799007,1.252518173345339,1.529949642046238,1.169097299748081,0.1060500446937914,0.6449378883504578,0.6634785117418883,0.6257378977610589,0.9535791361127931,0.9285861705474608,0.5534326007094552,0.7367189503764976,0.9220519984532907,1.267013167834072,1.071939899091757,0.8861644204169767,0.4773243764778429,1.08698185437256,1.060091503170981,0.8467482237212951,805.8608058608058,805.4578754578755,774.0293040293041,809.8901098901099,654.7619047619048,-0.020386,0.209534,0.988525,3.880463,-4.800110,-2.205658,1,2,1,1,2,70.000000
2021-11-01 17:38:46.760,,,,,,,,,,,,,,,,,,,,,,,,,,,,,,,,,,,,,,/muse/elements/blink
2021-11-01 17:38:47.465,,,,,,,,,,,,,,,,,,,,,,,,,,,,,,,,,,,,,,/muse/elements/blink
2021-11-01 17:38:47.610,0.9239384419799007,0.3758171470606291,0.3395806243667152,1.169097299748081,0.1060500446937914,0.06447799824910769,0.1060834324744602,0.6257378977610589,0.9535791361127931,0.7672861093258762,0.5327367616437534,0.7367189503764976,0.9220519984532907,1.328979008316504,0.7483296900600136,0.8861644204169767,0.4773243764778429,1.165156671118804,0.6415322963256885,0.8467482237212951,788.5347985347986,795.3846153846154,772.4175824175825,793.7728937728938,776.4468864468864,-0.025452,0.202209,0.981628,3.304749,-5.831909,-1.532745,1,2,1,1,2,70.000000
2021-11-01 17:38:48.168,,,,,,,,,,,,,,,,,,,,,,,,,,,,,,,,,,,,,,/muse/elements/blink
2021-11-01 17:38:48.498,,,,,,,,,,,,,,,,,,,,,,,,,,,,,,,,,,,,,,/muse/elements/blink
2021-11-01 17:38:48.618,0.9239384419799007,1.43911631858139,1.318482371961756,1.169097299748081,0.1060500446937914,0.7717266925084016,0.7374223505207278,0.6257378977610589,0.9535791361127931,1.145996020277937,0.663828566866421,0.7367189503764976,0.9220519984532907,1.317056747805361,0.560083048798694,0.8861644204169767,0.4773243764778429,1.061175985487606,0.4289965358259576,0.8467482237212951,819.5604395604396,830.8424908424909,772.8205128205128,845.3479853479854,892.4908424908425,-0.142883,0.193787,0.962036,0.717773,-11.342316,-6.041260,1,2,1,1,2,70.000000
2021-11-01 17:38:49.610,0.9239384419799007,1.869288675201692,1.863246324903356,1.169097299748081,0.1060500446937914,0.6720958935697549,0.7640211513860012,0.6257378977610589,0.9535791361127931,0.8891792591159575,0.4290527507073629,0.7367189503764976,0.9220519984532907,1.112720804327991,0.5448098586717853,0.8861644204169767,0.4773243764778429,0.8086639697307946,0.3042417865712337,0.8467482237212951,804.6520146520147,786.5201465201466,792.967032967033,810.2930402930403,502.051282051282,-0.088745,0.193604,0.998413,3.424377,-5.203857,12.179718,1,2,1,1,2,70.000000
2021-11-01 17:38:49.706,,,,,,,,,,,,,,,,,,,,,,,,,,,,,,,,,,,,,,/muse/elements/blink
2021-11-01 17:38:49.907,,,,,,,,,,,,,,,,,,,,,,,,,,,,,,,,,,,,,,/muse/elements/blink
2021-11-01 17:38:50.610,0.9239384419799007,1.418347621259208,1.374530255758317,1.169097299748081,0.1060500446937914,0.9943420673922195,0.981072098369655,0.6257378977610589,0.9535791361127931,0.6755883164454712,0.611180858683402,0.7367189503764976,0.9220519984532907,0.9874558848482441,0.7016508872931249,0.8861644204169767,0.4773243764778429,0.8732106189284013,0.4130610884623477,0.8467482237212951,776.8498168498169,785.7142857142858,767.5824175824176,792.1611721611722,948.4981684981685,-0.012817,0.175659,0.979736,5.667419,-7.641296,2.018738,1,2,1,1,2,70.000000
2021-11-01 17:38:51.610,0.1514639503495087,1.091683209128938,1.070669303583023,1.046815484322071,0.1866296535922965,0.7368972789253826,0.7370163553035443,0.09477736393877427,0.6587740528789772,0.7102203432842774,0.6088999972779722,0.2649062798900521,0.4448766214807527,0.6723854941608626,0.5259681284840542,0.6241166098520546,0.2383202135481894,0.4983516837515398,0.2456317489547259,0.424757449205597,782.0879120879121,789.3406593406594,782.4908424908425,762.7472527472528,766.7765567765568,-0.002014,0.197205,0.989014,4.411316,-4.747772,-1.323395,1,1,1,1,1,70.000000
2021-11-01 17:38:52.609,0.5262343778213792,0.3285562391841538,0.2933958738810202,0.8714613181753226,0.2235217934382229,-0.1952825899167663,-0.03262721246844419,0.6628086530772946,0.6747888309305088,0.6178862593399217,0.04680187616946922,0.6820041488974096,0.386045964081261,0.4314549312571118,0.2577082825649969,0.6193534692062812,0.1188197706412977,0.3509890922083981,0.09501019675184631,0.4171375745079904,796.996336996337,792.5641025641025,788.9377289377289,810.6959706959707,813.919413919414,0.002197,0.195557,0.992004,4.029999,-4.396362,-4.755249,1,1,1,1,1,70.000000
2021-11-01 17:38:52.943,,,,,,,,,,,,,,,,,,,,,,,,,,,,,,,,,,,,,,/muse/elements/blink
2021-11-01 17:38:53.619,0.7554304731877678,1.041182442227414,1.614042244926042,0.9007198146792418,0.1460291084956856,0.569884921953974,0.6652604885484713,0.5381160908262648,0.6783680268620622,0.3235154580427542,0.3282950872653332,0.6899061256640008,0.3732398995219294,0.9042767577073466,0.3259020752648345,0.4792111326107584,0.03656314019878035,0.5451064211065996,0.08789139643387416,0.2505065248466972,791.3553113553114,787.3260073260074,793.7728937728938,789.7435897435897,784.1025641025641,-0.026062,0.171570,0.996643,3.140259,-4.972076,-6.220703,1,1,1,1,1,75.000000
2021-11-01 17:38:54.581,,,,,,,,,,,,,,,,,,,,,,,,,,,,,,,,,,,,,,/muse/elements/blink
2021-11-01 17:38:54.612,1.275656358674135,0.9631268693938146,1.555596343554279,1.352873436382385,0.1535011335097714,0.5096335848373321,0.668903138555522,0.4007790462738706,0.6997250000133675,0.3847692233230579,0.3585295233651961,0.9967405672183498,0.7627490873498676,1.250117502745021,0.4405168411572056,0.6209178506591334,0.7109801437447537,0.9327606583054965,0.3124217619965595,0.5542174763879258,704.7252747252747,803.4432234432235,786.9230769230769,698.6813186813187,719.2307692307693,0.000366,0.156067,0.973511,11.140442,-6.370239,-11.028290,1,1,1,1,1,75.000000
2021-11-01 17:38:54.870,,,,,,,,,,,,,,,,,,,,,,,,,,,,,,,,,,,,,,/muse/elements/blink
2021-11-01 17:38:55.610,1.413513558267514,0.2584813053704977,0.5612088947921783,1.49585268853984,0.2373343847603376,0.356591889180602,0.5395223739201038,0.345643313822103,0.6993122414313557,0.5969165467937587,0.2727532190433854,0.9943002083842977,0.7705687596911307,1.132119609820472,0.2945133272697458,0.5795247487010279,0.747119033305881,0.8860776431072267,0.2556005595235748,0.5675401318107365,788.5347985347986,790.5494505494506,793.3699633699634,766.7765567765568,600.3663003663004,-0.061218,0.184875,0.985046,7.820740,-3.715973,0.732727,1,1,1,1,1,75.000000
2021-11-01 17:38:56.422,,,,,,,,,,,,,,,,,,,,,,,,,,,,,,,,,,,,,,/muse/elements/blink
2021-11-01 17:38:56.610,0.5737931478449477,0.1912907484847273,0.5669090607246926,1.133521981128612,0.2209504206461269,0.2309667005169498,0.3805171990654652,0.6661704663256005,0.6943836492759714,0.6021239921477068,0.07924300521437977,1.082092228409599,0.5755988709840049,0.848339624746331,0.266219825131469,0.649759084236172,0.4705447317026221,0.6975486345319422,0.3150097751701582,0.4658130154001738,789.7435897435897,794.981684981685,784.1025641025641,782.4908424908425,694.2490842490843,-0.061829,0.194702,0.985107,4.239349,-5.405731,-1.936493,1,1,1,1,1,75.000000
2021-11-01 17:38:56.936,,,,,,,,,,,,,,,,,,,,,,,,,,,,,,,,,,,,,,/muse/elements/blink
2021-11-01 17:38:57.200,,,,,,,,,,,,,,,,,,,,,,,,,,,,,,,,,,,,,,/muse/elements/blink
2021-11-01 17:38:57.610,0.5737931478449477,0.9836835222585126,1.085239782772379,1.084017581142096,0.2209504206461269,0.5608777922160103,0.6149658774220107,0.572554788538957,0.6943836492759714,0.618264156474678,0.4245613989808242,1.065640364334977,0.5755988709840049,0.8546509299046843,0.3290857324651284,0.637482786283656,0.4705447317026221,0.7095299602920725,0.2253925421959525,0.439596241046053,776.0439560439561,786.9230769230769,786.5201465201466,775.6410256410256,732.9304029304029,-0.039551,0.197021,0.999146,3.349609,-5.271149,0.067291,1,1,1,1,1,75.000000
2021-11-01 17:38:58.238,,,,,,,,,,,,,,,,,,,,,,,,,,,,,,,,,,,,,,/muse/elements/blink
2021-11-01 17:38:58.610,0.5737931478449477,1.577590910363107,1.65337210122005,1.084017581142096,0.2209504206461269,0.7962530859041764,0.7623643583142601,0.572554788538957,0.6943836492759714,0.925355256370479,1.121102045112044,1.065640364334977,0.5755988709840049,0.7644196289940881,0.5730576530973547,0.637482786283656,0.4705447317026221,0.5634618363239522,0.3493382303707041,0.439596241046053,873.5531135531136,771.6117216117216,767.985347985348,776.0439560439561,740.1831501831502,0.001526,0.124390,1.017395,12.747955,4.673004,3.095398,1,1,1,1,1,75.000000
2021-11-01 17:38:59.610,0.5737931478449477,1.649764026796307,1.536305389211419,1.084017581142096,0.2209504206461269,0.9245787425644908,1.037963300614789,0.572554788538957,0.6943836492759714,0.978515277059096,1.272056883722237,1.065640364334977,0.5755988709840049,0.6961752818847865,0.8273598071737863,0.637482786283656,0.4705447317026221,-0.08122359391234828,0.193230395751106,0.439596241046053,790.952380952381,790.952380952381,774.8351648351648,780.4761904761905,962.6007326007326,0.085327,0.114441,0.983643,0.568237,-7.050629,-5.248718,1,2,1,1,2,75.000000
2021-11-01 17:39:00.610,1.514775146396472,1.367610162843015,1.382778701765997,1.577889431986841,1.00858861646031,0.8993333008704575,0.8473358285812672,1.04752904481025,0.9917662633539253,0.749811983759549,0.7920311110461229,1.123848358206828,0.9283364382409584,0.4745866686447633,0.5544567915603728,0.8955765541109637,0.7453716651378446,0.1920254174265136,0.1177880034612581,0.5595173813968369,789.3406593406594,804.2490842490843,799.0109890109891,810.2930402930403,659.5970695970697,0.093079,0.151184,0.993530,3.663635,-3.409424,-2.123413,1,1,1,1,1,75.000000
2021-11-01 17:39:01.610,1.473265433599441,1.563294584682056,1.496320739719891,1.74223884125553,0.682753125055271,0.4686421263627287,0.3441824126994203,0.7854761915501948,1.106140271389669,0.7076888803377805,0.4587280082487251,0.9607067889557126,0.8381790399607941,0.4808540765917819,0.3388075372799191,0.8180667254214866,0.6249599881545644,0.3314834441221822,0.04362615918490922,0.504736912147009,780.4761904761905,791.7582417582418,796.5934065934066,788.9377289377289,744.6153846153846,0.084961,0.131348,0.988525,5.151520,-3.551483,-2.856140,1,1,1,1,1,75.000000
2021-11-01 17:39:01.998,,,,,,,,,,,,,,,,,,,,,,,,,,,,,,,,,,,,,,/muse/elements/blink
2021-11-01 17:39:02.610,0.9081678928225924,1.092008434758209,1.671157651376148,1.143603826347236,0.518052450562715,0.4242710891512578,0.5521792840797488,0.3804719182293645,0.5847725146583438,0.7673910106251182,0.548965099642436,0.6726330193782408,0.5222529092877027,0.8922357666246407,0.8872984641893595,0.6899333161140527,0.2603974630391289,1.199345000772688,0.4602655443223486,0.3974753877199437,798.6080586080586,805.8608058608058,799.4139194139194,806.6666666666667,729.7069597069598,0.030579,0.183350,0.993652,4.441223,-3.940277,-1.958923,1,1,1,1,1,75.000000
2021-11-01 17:39:03.610,0.808887482355948,1.005743173183577,1.717252215768026,0.8251967081496949,0.1855535853020161,0.4301742276175612,0.5774897506640456,0.3486647558918163,0.8769734652920621,0.8096312590352811,0.5616572739497798,1.069178855838335,0.6716174276502764,1.307689638664281,1.077661232806304,0.7979755345116696,0.547846320873372,1.345268141507025,0.8073396142305407,0.6077964505540995,781.2820512820513,813.1135531135532,809.0842490842491,775.6410256410256,597.948717948718,0.028564,0.170837,0.991333,4.239349,-4.740295,-3.177643,1,1,1,1,1,75.000000
2021-11-01 17:39:03.926,,,,,,,,,,,,,,,,,,,,,,,,,,,,,,,,,,,,,,/muse/elements/blink
2021-11-01 17:39:04.610,0.7285058588355332,1.390947189971198,1.395141463718401,0.8103578258747901,0.1769863922858625,0.7233058001051426,0.5502207875029713,0.3128805892445737,0.8495085592346217,0.6540880850497008,0.3378474199205625,1.069178855838335,0.6091354481727286,1.070324728233244,0.7032448107113553,0.8349624818119863,0.4905371262870672,0.9012284996517758,0.6849006836463839,0.6600904530914781,758.7179487179487,780.8791208791209,787.3260073260074,779.2673992673992,684.981684981685,0.045288,0.157837,0.987854,5.241241,-6.788940,-1.016846,1,1,1,1,1,75.000000
2021-11-01 17:39:05.121,,,,,,,,,,,,,,,,,,,,,,,,,,,,,,,,,,,,,,/muse/elements/blink
2021-11-01 17:39:05.610,0.5545561694031296,1.441306577967715,1.422194425464748,0.7773176968048978,0.1561881338109723,0.6703801342384528,0.4086330544956198,0.2540788063574833,0.8177205340723971,0.5707803551698715,0.3414903957442452,1.030999485828143,0.5934044340867635,0.3313965187074315,0.5877387195979279,0.8992532256699582,0.434304190048817,0.2420903235240803,0.4329314349061041,0.7353319247361257,770.4029304029305,795.7875457875458,786.5201465201466,794.981684981685,783.2967032967033,0.046509,0.164307,0.998718,2.534637,-7.955322,-1.607513,1,1,1,1,1,75.000000
2021-11-01 17:39:06.610,0.3615657797368273,1.091089886476851,0.7126448574132236,0.760139512473045,0.1314053137666555,0.1104215898548856,-0.1242753975900908,0.4571576111648905,0.8734171788244668,0.3145807940029833,0.3375000323071137,0.5839691071493028,0.5431051203153323,0.2214080163817813,0.4956172533268515,0.767785509351992,0.439183674733919,0.3275284084856594,0.4116731158348166,0.2328399870122746,796.5934065934066,799.0109890109891,780.0732600732601,788.9377289377289,697.4725274725275,0.058899,0.130493,0.991394,4.112244,-3.155212,-5.465546,1,1,1,1,1,75.000000
2021-11-01 17:39:07.610,0.4641460113733323,-0.1660820366742362,0.4109304963240091,0.710100930960769,0.4645788957926604,0.02446413532776715,-0.1433530262352744,0.3823061309862907,0.9525712280293575,0.5195373680462209,0.402874137406994,0.7309700116586803,0.6411022161007537,0.5883962755285636,0.6540972509785646,0.7169745593543275,0.4717261519782203,0.4205827293632166,0.4759039274685303,0.5105697213736596,794.1758241758242,778.0586080586081,788.5347985347986,766.3736263736264,706.3369963369963,0.043579,0.151733,1.009460,3.244934,-7.469330,-3.200073,1,1,1,1,1,75.000000
2021-11-01 17:39:08.610,0.9339098445646029,0.416659588159273,0.9943268059314325,0.6487499017252567,1.018543328207381,-0.0383054110319362,0.1375078667601183,1.009254316275085,1.426861747025745,0.422613362109748,0.4181153270326074,1.260257001109077,0.9519162526919029,0.6717567648271684,0.6318562298918353,0.839667900060116,0.6604168339665568,0.4711892369326978,0.4567390774095224,0.6806913628990022,788.1318681318681,781.2820512820513,775.6410256410256,772.014652014652,833.6630036630037,0.028015,0.118225,1.006104,5.301056,-5.211334,-2.175751,1,1,1,1,1,75.000000
2021-11-01 17:39:09.610,1.396057953689377,0.8093573110233504,0.967846782777766,1.289084980233807,1.089759902163316,0.2370455620018851,0.2676095644453003,1.30814188140979,1.442070444547917,0.3012070201953349,0.4479253982762006,1.283592461092725,1.134415265545741,0.630514372398938,0.3040424308789108,0.9326404615645569,0.836116388104074,0.2338471056025889,0.2697063673954677,0.5551701261426296,751.4652014652015,769.5970695970697,767.985347985348,767.1794871794872,666.0439560439561,0.034302,0.079468,1.003906,6.138458,-0.328979,-5.001984,1,1,1,1,1,75.000000
2021-11-01 17:39:10.610,1.379796175027468,1.170675239461148,1.090489932624571,1.636906521789919,1.00177215220255,0.6057695819571807,0.3135538321477782,1.161039319019996,0.9764791781503906,0.4797708665236896,0.3564810732432203,0.9698274239804443,0.8759000999397755,0.3404656776694037,0.3224884435778612,0.8390492903306317,0.7061249910397798,0.207258782711403,0.1913401749482162,0.5082635203174027,766.7765567765568,788.9377289377289,770.8058608058608,782.0879120879121,788.9377289377289,0.004822,0.083801,1.002502,5.375824,-5.473022,-3.611298,1,1,1,1,1,75.000000
2021-11-01 17:39:11.610,1.004577810085076,1.090360767062894,1.034135406973266,1.545324906532747,0.9210341529763869,0.5183197178020301,0.2591379146796203,0.90563606064085,0.978931345150204,0.5408535310917453,0.3950910718198548,0.78006940536944,0.5942854544181805,0.4029511267240121,0.5434043361300787,0.6954034351585864,0.5448180801778787,0.3018422847776934,0.3650485133321204,0.654771703771465,781.6849816849817,785.7142857142858,792.5641025641025,772.4175824175825,865.8974358974359,0.029114,0.109253,1.009888,4.067383,-3.237457,-2.654266,1,1,1,1,1,75.000000
2021-11-01 17:39:12.012,,,,,,,,,,,,,,,,,,,,,,,,,,,,,,,,,,,,,,/muse/elements/blink
2021-11-01 17:39:12.257,,,,,,,,,,,,,,,,,,,,,,,,,,,,,,,,,,,,,,/muse/elements/blink
2021-11-01 17:39:12.610,0.8202634038270341,1.170733686888338,1.296434699622749,1.19680047544355,0.4889897326438239,0.3629677357201519,0.5978993505383049,0.40735118342557,0.4178363259455214,0.4869654131848666,0.411062232283242,0.3699546796214849,0.3604734419458641,0.2141377149919542,0.4126224671640406,0.6286764334693722,0.4599965124433701,0.2387490156093373,0.2438700865365595,0.5666447769486975,783.6996336996338,796.1904761904763,798.6080586080586,813.1135531135532,615.6776556776557,-0.024658,0.112183,1.007019,3.917847,-1.286011,-2.407532,1,1,1,1,1,75.000000
2021-11-01 17:39:13.622,1.035318809118736,1.383325755262495,1.481783584015404,1.232600844686918,0.6531779745011019,0.7805757238336891,0.7169187569085059,0.5669365628395908,0.2147173712960527,0.594385051986472,0.4205405009314479,0.2102957621470366,0.4062769236655182,0.2085253359907474,0.2444387854091176,0.5960836748520831,0.3889860762293741,0.1588348045175135,-0.04735614965866516,0.5275926279494367,780.8791208791209,793.7728937728938,798.6080586080586,751.0622710622711,750.6593406593407,-0.043274,0.084717,0.951843,2.975769,-6.086121,0.575714,1,1,1,1,1,75.000000
2021-11-01 17:39:14.609,0.8199752392976727,0.7420959781092735,0.860766029674459,1.254015384472665,0.8234093251696688,0.2042245023172781,0.1349865312472373,1.01746093211651,1.269372912742615,0.3278829060691215,0.4112260884466878,0.9518842584607121,0.8238916791110538,0.4172726611000541,0.3769018280372038,0.8507973231118948,0.6418910215843598,0.2781299526977725,0.1618404858803938,0.6364496397802361,767.5824175824176,776.0439560439561,781.6849816849817,775.2380952380953,780.0732600732601,-0.035522,0.126343,1.015991,-1.293488,-2.945862,0.171967,1,1,1,1,1,65.000000
2021-11-01 17:39:15.615,1.107902981333997,0.6710152864981987,1.001985360570848,1.161381203815623,0.8911135055637806,0.08560558727287532,0.2953040296013251,0.9915246997009075,1.174298383549419,0.40516047448271,0.4534840919936944,1.036216790959582,0.8495177574293529,0.3219419523117641,0.488630952861414,0.7604771769933398,0.717516266038039,0.4452123117529136,0.4729380605333743,0.7327546949674739,764.7619047619048,786.9230769230769,772.8205128205128,761.941391941392,709.1575091575091,0.014587,0.131531,1.003479,5.517883,-8.897400,-0.336456,1,1,1,1,1,65.000000
2021-11-01 17:39:16.610,1.023733271225624,0.78549886358038,0.923786322342776,1.005802756546399,0.5616125621102432,0.117674862749371,0.2343327763208251,0.7779076828719559,1.070829899465459,0.3341656012182342,0.2925010976347692,0.96919017328035,0.9641582277975178,0.1441608890068641,0.3937263151396179,0.8027613876991395,0.7232719242732599,0.157303873410278,0.3289418967683317,0.6245410016733512,776.8498168498169,786.1172161172161,789.3406593406594,794.1758241758242,658.3882783882784,0.024841,0.101318,0.999878,4.089813,-5.368347,-2.557068,1,1,1,1,1,65.000000
2021-11-01 17:39:17.609,0.6626158095283788,0.5862210429919612,0.5550975724113949,1.209087538514917,0.3224137073580062,0.1278961295009528,0.1015602532390798,0.6260904085648957,1.042459887416687,0.1813559704537179,0.2769009366431226,0.943743273463881,0.6472410167473867,0.08249722035690621,0.1594087590707843,0.6190687118746114,0.2592249449787224,-0.2247006040308012,-0.1728539674401863,0.379500867109279,796.1904761904763,800.2197802197802,801.025641025641,846.1538461538462,869.92673992674,-0.000183,0.104736,1.013977,0.149536,7.237549,-1.450500,1,1,1,1,1,65.000000
2021-11-01 17:39:18.610,0.6062313272051837,0.4058746879234179,0.3566001062969501,1.248365294054075,0.2122141316993747,-0.3528722002383872,0.09089447611077398,0.6130239126709804,0.8030873369618344,0.04542906693592413,0.2811061168873109,0.8886553256762303,0.4740760162021639,0.1845400653110167,0.3842314067744667,0.5441583628275002,0.155711980472545,-0.07629382207465235,0.0599348657449905,0.3294070301358354,769.5970695970697,792.5641025641025,792.5641025641025,772.4175824175825,581.8315018315019,-0.041504,0.150940,1.019958,12.912445,-14.609680,3.259888,1,1,1,1,1,65.000000
2021-11-01 17:39:19.563,,,,,,,,,,,,,,,,,,,,,,,,,,,,,,,,,,,,,,/muse/elements/blink
2021-11-01 17:39:19.615,1.102601087083738,0.503148655284138,0.4237761427272686,1.338844183463805,0.6472199170195934,0.06003910872964027,-0.07770862724486023,0.6328889934518063,0.7857248091260824,0.2987451946798104,0.3041847147997609,0.6160341799489802,0.650198387665208,0.5900624141334739,0.3669460973801051,0.7917461422721948,0.4985946951594563,0.4872198731425427,0.4588927902979462,0.6135716947053829,838.901098901099,793.7728937728938,765.9706959706959,786.9230769230769,647.5091575091575,0.016235,0.170776,0.987427,15.432129,-1.457977,25.196838,1,1,1,1,1,65.000000
2021-11-01 17:39:20.450,,,,,,,,,,,,,,,,,,,,,,,,,,,,,,,,,,,,,,/muse/elements/blink
2021-11-01 17:39:20.613,1.407612693749819,1.119515128018853,1.232880903104252,1.521035213467348,0.8423794513050394,0.4530555447248666,0.5313559686973069,0.8655677198056775,0.6144694284984862,0.1268056822849407,0.3605511172507712,0.2913121039553584,0.6085940337131462,0.2845821345875639,0.1726770436027968,0.9872536349380959,0.7258238385475948,0.09498273076658388,0.3078570675085625,0.8455120472023583,680.952380952381,784.1025641025641,805.4578754578755,696.6666666666667,815.5311355311355,0.041565,0.197937,0.981812,3.386993,-2.781372,-3.551483,1,1,1,1,1,65.000000
2021-11-01 17:39:20.802,,,,,,,,,,,,,,,,,,,,,,,,,,,,,,,,,,,,,,/muse/elements/blink
2021-11-01 17:39:21.610,1.407612693749819,1.072423402676564,1.093982998098219,1.521035213467348,0.8423794513050394,0.3598404342777061,0.6927167284068708,0.8655677198056775,0.6144694284984862,0.2145338492430347,0.2752547622934581,0.2913121039553584,0.6085940337131462,0.342387630356049,0.2297264117128124,0.9872536349380959,0.7258238385475948,-0.09641521230466771,-0.03942489118151625,0.8455120472023583,730.5128205128206,743.0036630036631,755.4945054945055,727.2893772893773,761.5384615384615,0.042297,0.160828,0.997742,2.332764,-4.381409,-7.910461,1,1,1,1,1,65.000000
2021-11-01 17:39:21.686,,,,,,,,,,,,,,,,,,,,,,,,,,,,,,,,,,,,,,/muse/elements/blink
2021-11-01 17:39:22.610,1.407612693749819,1.746899721793378,1.511741991858391,1.521035213467348,0.8423794513050394,0.6032292989990897,0.6820623339644771,0.8655677198056775,0.6144694284984862,0.2394122461448035,0.4391822320367428,0.2913121039553584,0.6085940337131462,0.3657564758328621,0.2402438124065324,0.9872536349380959,0.7258238385475948,0.002706409594610858,-0.05621940204985688,0.8455120472023583,786.5201465201466,792.967032967033,790.5494505494506,784.9084249084249,1086.300366300366,0.045959,0.146545,0.996399,3.110352,-4.224396,-3.521576,1,2,1,1,2,65.000000
2021-11-01 17:39:23.228,,,,,,,,,,,,,,,,,,,,,,,,,,,,,,,,,,,,,,/muse/elements/blink
2021-11-01 17:39:23.613,1.407612693749819,1.698539892135851,1.51699356929015,1.521035213467348,0.8423794513050394,0.3147502586429443,0.5049884777738293,0.8655677198056775,0.6144694284984862,0.3743263198554965,0.7135120776673322,0.2913121039553584,0.6085940337131462,0.250075053735659,0.2132135639436711,0.9872536349380959,0.7258238385475948,0.01606916823296002,-0.1290183791353645,0.8455120472023583,804.2490842490843,806.2637362637363,802.2344322344322,788.5347985347986,761.5384615384615,0.040771,0.132080,1.003784,1.929016,-5.226288,-3.603821,1,2,1,1,2,65.000000
2021-11-01 17:39:24.610,1.407612693749819,1.462400830518064,1.415860198343701,1.521035213467348,0.8423794513050394,0.1397914552654668,0.3830956239494204,0.8655677198056775,0.6144694284984862,0.3291643238579919,0.6012506545013918,0.2913121039553584,0.6085940337131462,0.02023534849572283,0.08397191558572309,0.9872536349380959,0.7258238385475948,-0.09335906734464877,-0.2613630033359872,0.8455120472023583,790.5494505494506,806.2637362637363,792.5641025641025,796.996336996337,672.893772893773,0.019775,0.063416,0.998108,5.121613,-3.858032,-2.370148,1,2,1,1,2,80.000000
2021-11-01 17:39:25.610,0.874455570511361,0.7391362586110031,0.8129452389914985,1.023403662855117,0.4213103541476687,-0.151524855213751,0.05438426012899064,0.3457320804498709,0.6633082837728803,0.2256041545843873,0.2677408602784804,0.6826468454776352,0.4922383023134704,-0.03227195524141715,0.2214405008762657,0.9034314245677451,0.3502267157733262,-0.2908401429491362,0.09104402170836254,0.4092780649254895,789.3406593406594,794.1758241758242,796.1904761904763,790.1465201465202,811.9047619047619,0.020630,0.058655,1.005249,4.388885,-5.278625,-2.033691,1,1,1,1,1,80.000000
2021-11-01 17:39:26.610,0.4719660658064311,0.3279277423412978,0.5558911606230058,1.08173090116395,0.07913291956940768,-0.2216693167773581,-0.05324719765255837,0.3394333632023646,0.7099302462515514,0.344565714404228,0.1423900332075857,0.9147141549527852,0.5005437564004426,0.05367365851471714,0.1525444825872215,0.8001421901297463,0.4216869411582546,-0.2024218574033678,-0.04295619306102298,0.4938301088375444,804.2490842490843,795.3846153846154,793.7728937728938,776.0439560439561,858.2417582417582,0.017700,0.057373,1.008972,3.633728,-4.710388,-2.048645,1,1,1,1,1,80.000000
2021-11-01 17:39:27.610,1.43673176859264,0.624488501051325,0.6419591326327185,1.52650653245559,0.3368071641050166,0.06847453314527206,0.08384323365561218,0.5266793458228378,0.6760922535533527,0.01727097040394777,0.09823713980089023,0.6897666152984016,0.6467468416868137,0.1085942029252076,0.003088854203617707,0.731362298303491,0.5671303865301063,-0.2307926679051494,-0.388283174499459,0.893037830389572,782.0879120879121,816.3369963369963,802.2344322344322,721.6483516483516,677.3260073260074,-0.005310,0.039246,1.008484,3.357086,-2.003784,-0.942078,1,1,1,1,1,80.000000
2021-11-01 17:39:28.610,1.585133468771416,1.022197604025405,0.8796178640339654,1.574525733563822,0.6167942395550754,0.3966414692581441,0.08093386913564672,0.7716535513027892,1.050491160226662,0.3634055186728863,0.621538144124249,1.181621312103013,1.144842927505122,0.8055440807302415,0.7432464657550164,1.149421789015621,0.8884678105011607,0.6665222419518236,0.3600203289294662,1.085392657811315,878.3882783882784,787.3260073260074,829.6336996336996,882.014652014652,1198.717948717949,-0.027466,0.035278,1.005066,6.287994,-1.854248,-4.710388,1,1,1,1,1,80.000000
2021-11-01 17:39:28.637,,,,,,,,,,,,,,,,,,,,,,,,,,,,,,,,,,,,,,/muse/elements/blink
2021-11-01 17:39:29.521,,,,,,,,,,,,,,,,,,,,,,,,,,,,,,,,,,,,,,/muse/elements/blink
2021-11-01 17:39:29.610,1.395022311424407,1.063853804691687,1.352070789030472,1.268328293462517,0.6914805597330714,0.6738373834494944,0.6928457389883097,0.9423222663018814,1.033953297214961,0.6821792729950483,0.6920915714781265,1.14904566739776,1.450526089690582,0.7777091633694576,1.023751550773982,1.447517287828083,1.050377211702702,0.9560468285201837,0.8365958625402968,1.03975364750954,768.3882783882784,777.2527472527473,790.952380952381,766.7765567765568,663.6263736263736,-0.043396,0.043030,1.004211,7.267456,-1.824341,-3.805695,1,1,1,1,1,80.000000
2021-11-01 17:39:30.111,,,,,,,,,,,,,,,,,,,,,,,,,,,,,,,,,,,,,,/muse/elements/blink
2021-11-01 17:39:30.111,,,,,,,,,,,,,,,,,,,,,,,,,,,,,,,,,,,,,,/muse/elements/jaw_clench
2021-11-01 17:39:30.310,,,,,,,,,,,,,,,,,,,,,,,,,,,,,,,,,,,,,,/muse/elements/blink
2021-11-01 17:39:30.610,1.395022311424407,0.8537754966591149,0.9943019630721335,1.268328293462517,0.6914805597330714,0.6242506413394451,0.4835164292629638,0.9423222663018814,1.033953297214961,0.8498708361422106,0.7370804351361612,1.14904566739776,1.450526089690582,0.9613164808865435,1.082502965807822,1.447517287828083,1.050377211702702,1.13673648091303,1.046391612083113,1.03975364750954,814.3223443223443,824.7985347985348,778.4615384615385,823.5897435897436,599.1575091575091,-0.064697,0.045471,1.013184,5.338440,-5.196381,-2.213135,1,1,1,1,1,80.000000
2021-11-01 17:39:31.340,,,,,,,,,,,,,,,,,,,,,,,,,,,,,,,,,,,,,,/muse/elements/jaw_clench
2021-11-01 17:39:31.518,,,,,,,,,,,,,,,,,,,,,,,,,,,,,,,,,,,,,,/muse/elements/jaw_clench
2021-11-01 17:39:31.609,1.395022311424407,1.225444044875254,1.139041369494036,1.268328293462517,0.6914805597330714,0.8961917309204193,0.5393092662913348,0.9423222663018814,1.033953297214961,0.9183629367886085,0.4935347841265933,1.14904566739776,1.450526089690582,1.20744152510586,1.052695589279072,1.447517287828083,1.050377211702702,1.16507872993572,0.7664827912210808,1.03975364750954,813.5164835164835,790.5494505494506,844.5421245421246,801.025641025641,854.6153846153846,-0.067566,0.041321,1.000854,4.695435,-6.078644,-2.908478,1,2,1,1,2,80.000000
2021-11-01 17:39:31.937,,,,,,,,,,,,,,,,,,,,,,,,,,,,,,,,,,,,,,/muse/elements/jaw_clench
2021-11-01 17:39:32.137,,,,,,,,,,,,,,,,,,,,,,,,,,,,,,,,,,,,,,/muse/elements/blink
2021-11-01 17:39:32.611,1.395022311424407,1.039803429627625,1.262781359940881,1.268328293462517,0.6914805597330714,0.6946389438048031,0.7057152112376902,0.9423222663018814,1.033953297214961,0.6964028284060573,0.7976097628491944,1.14904566739776,1.450526089690582,1.285561627676998,1.166969414823271,1.447517287828083,1.050377211702702,1.173252696240578,1.000038034012549,1.03975364750954,672.893772893773,916.6666666666667,863.8827838827839,728.901098901099,693.4432234432235,-0.031738,0.039246,1.015869,5.824432,0.321503,-3.783264,1,2,1,1,2,80.000000
2021-11-01 17:39:32.646,,,,,,,,,,,,,,,,,,,,,,,,,,,,,,,,,,,,,,/muse/elements/blink
2021-11-01 17:39:32.646,,,,,,,,,,,,,,,,,,,,,,,,,,,,,,,,,,,,,,/muse/elements/jaw_clench
2021-11-01 17:39:32.887,,,,,,,,,,,,,,,,,,,,,,,,,,,,,,,,,,,,,,/muse/elements/blink
2021-11-01 17:39:33.587,,,,,,,,,,,,,,,,,,,,,,,,,,,,,,,,,,,,,,/muse/elements/blink
2021-11-01 17:39:33.610,1.395022311424407,1.371442880283661,1.352645478680675,1.268328293462517,0.6914805597330714,0.9183330892575629,0.7522211630510871,0.9423222663018814,1.033953297214961,0.5312691502998657,0.5796403111672169,1.14904566739776,1.450526089690582,1.441357986851124,1.223890883284869,1.447517287828083,1.050377211702702,1.373992924447645,1.309746606089845,1.03975364750954,763.1501831501831,784.5054945054945,800.2197802197802,857.8388278388279,678.1318681318681,0.023865,0.029541,1.004761,4.867401,-9.054413,0.740204,1,2,1,1,2,80.000000
2021-11-01 17:39:34.195,,,,,,,,,,,,,,,,,,,,,,,,,,,,,,,,,,,,,,/muse/elements/blink
2021-11-01 17:39:34.609,1.395022311424407,1.371442880283661,1.352645478680675,1.268328293462517,0.6914805597330714,0.9183330892575629,0.7522211630510871,0.9423222663018814,1.033953297214961,0.5312691502998657,0.5796403111672169,1.14904566739776,1.450526089690582,1.441357986851124,1.223890883284869,1.447517287828083,1.050377211702702,1.373992924447645,1.309746606089845,1.03975364750954,725.2747252747253,711.978021978022,698.6813186813187,738.1684981684982,696.2637362637363,0.102905,0.042480,0.978821,10.407715,-3.499146,3.985138,1,2,1,2,2,80.000000
2021-11-01 17:39:34.715,,,,,,,,,,,,,,,,,,,,,,,,,,,,,,,,,,,,,,/muse/elements/blink
2021-11-01 17:39:35.613,1.395022311424407,1.371442880283661,1.352645478680675,1.268328293462517,0.6914805597330714,0.9183330892575629,0.7522211630510871,0.9423222663018814,1.033953297214961,0.5312691502998657,0.5796403111672169,1.14904566739776,1.450526089690582,1.441357986851124,1.223890883284869,1.447517287828083,1.050377211702702,1.373992924447645,1.309746606089845,1.03975364750954,790.1465201465202,779.2673992673992,771.2087912087912,755.0915750915751,776.4468864468864,0.076172,0.083374,1.003906,3.641205,-5.301056,-2.265472,1,2,1,1,2,80.000000
2021-11-01 17:39:36.110,,,,,,,,,,,,,,,,,,,,,,,,,,,,,,,,,,,,,,/muse/elements/blink
2021-11-01 17:39:36.610,1.395022311424407,1.060270447475561,1.161020338410143,1.268328293462517,0.6914805597330714,1.187010850338589,1.186459195579771,0.9423222663018814,1.033953297214961,1.205172980644168,1.280380817474971,1.14904566739776,1.450526089690582,0.5631435686779048,0.5236726713659546,1.447517287828083,1.050377211702702,0.09453288456515417,0.2177366251180105,1.03975364750954,806.6666666666667,826.007326007326,797.8021978021978,779.2673992673992,580.2197802197802,0.037720,0.082825,0.999634,3.962708,4.658051,-3.544006,1,2,1,1,2,80.000000
2021-11-01 17:39:37.346,,,,,,,,,,,,,,,,,,,,,,,,,,,,,,,,,,,,,,/muse/elements/blink
2021-11-01 17:39:37.612,1.395022311424407,1.577252254493212,1.727385511591808,1.268328293462517,0.6914805597330714,1.21556654277496,1.212097621743335,0.9423222663018814,1.033953297214961,1.199058960464006,1.31408850677514,1.14904566739776,1.450526089690582,0.5140441051958491,0.4803951457909009,1.447517287828083,1.050377211702702,0.04474379922514805,0.001405202244412269,1.03975364750954,771.2087912087912,730.9157509157509,732.9304029304029,772.014652014652,662.8205128205128,-0.053528,0.082703,1.019226,3.970184,-6.160889,-2.639313,1,2,1,1,2,80.000000
2021-11-01 17:39:37.764,,,,,,,,,,,,,,,,,,,,,,,,,,,,,,,,,,,,,,/muse/elements/blink
2021-11-01 17:39:38.613,1.395022311424407,1.633417466503249,1.590010838085024,1.268328293462517,0.6914805597330714,1.190307869428851,1.035609950782014,0.9423222663018814,1.033953297214961,1.198835376212656,0.9444651388949228,1.14904566739776,1.450526089690582,0.5337666259109147,0.5156481065228324,1.447517287828083,1.050377211702702,0.06069045304963979,0.005590814464492748,1.03975364750954,328.7912087912088,491.5750915750916,641.0622710622711,340.4761904761905,658.7912087912088,-0.023926,0.071960,0.978882,2.145844,-4.628143,0.119629,1,2,1,1,2,80.000000
2021-11-01 17:39:38.841,,,,,,,,,,,,,,,,,,,,,,,,,,,,,,,,,,,,,,/muse/elements/blink
2021-11-01 17:39:39.609,1.395022311424407,1.633417466503249,1.645282343580336,1.268328293462517,0.6914805597330714,1.190307869428851,1.045509859365364,0.9423222663018814,1.033953297214961,1.198835376212656,0.9352433092801494,1.14904566739776,1.450526089690582,0.5337666259109147,0.5447009291399911,1.447517287828083,1.050377211702702,0.06069045304963979,-0.01644945035828741,1.03975364750954,813.1135531135532,812.3076923076924,806.2637362637363,796.5934065934066,808.2783882783883,0.000610,0.031189,1.009094,2.362671,-0.904694,-5.129089,1,2,1,1,2,80.000000
2021-11-01 17:39:40.610,1.395022311424407,1.095386729803117,1.073430242618957,0.9472028227512629,0.6914805597330714,0.3808370557188888,0.07368541331000907,0.7122278262084308,1.033953297214961,0.299320811766276,0.3276845003402363,0.5182054591229137,1.450526089690582,0.1061522141166563,0.1166413617358852,0.846019502754889,1.050377211702702,-0.0505552907998511,-0.1907886422305694,0.6181965130576624,937.6190476190476,879.5970695970697,822.3809523809524,886.4468864468864,756.7032967032967,0.040588,0.012878,1.008545,1.958923,-4.448700,0.089722,1,1,1,1,1,80.000000
2021-11-01 17:39:40.655,,,,,,,,,,,,,,,,,,,,,,,,,,,,,,,,,,,,,,/muse/elements/blink
2021-11-01 17:39:41.618,1.395022311424407,1.644722682859189,1.325077123457389,0.9472028227512629,0.6914805597330714,0.7697152018632027,0.5393606557757302,0.7122278262084308,1.033953297214961,0.6806278792509802,0.6556264354477451,0.5182054591229137,1.450526089690582,0.2868455240115937,0.2321356347608016,0.846019502754889,1.050377211702702,-0.05509677680204934,-0.2839964992136705,0.6181965130576624,788.9377289377289,763.956043956044,785.7142857142858,784.5054945054945,733.3333333333334,0.030945,-0.001587,1.028625,4.807587,-2.302856,-3.259888,1,1,1,1,1,80.000000
2021-11-01 17:39:42.202,,,,,,,,,,,,,,,,,,,,,,,,,,,,,,,,,,,,,,/muse/elements/blink
2021-11-01 17:39:42.610,1.395022311424407,1.707080301977749,1.604446612109476,0.9472028227512629,0.6914805597330714,0.8407293613728285,1.188375394451401,0.7122278262084308,1.033953297214961,0.7432029985873086,1.176569670718375,0.5182054591229137,1.450526089690582,0.4141958312193671,0.2048901871922726,0.846019502754889,1.050377211702702,-0.2034364808892681,-0.3117505319039269,0.6181965130576624,827.6190476190476,821.1721611721612,788.1318681318681,803.040293040293,759.5238095238095,-0.050476,0.005554,1.021301,5.196381,-7.917938,-2.803802,1,1,1,1,1,80.000000
2021-11-01 17:39:43.620,1.395022311424407,0.9527133797329023,0.8376540880333094,0.9472028227512629,0.6914805597330714,0.4328580674592857,0.1867597831827843,0.7122278262084308,1.033953297214961,0.5836794627705534,0.6229707533980646,0.5182054591229137,1.450526089690582,0.3941481528061798,0.1295285687595687,0.846019502754889,1.050377211702702,0.1585871398635487,-0.3575021632634581,0.6181965130576624,784.9084249084249,793.3699633699634,789.7435897435897,773.6263736263736,732.5274725274726,-0.029358,0.040894,1.005615,4.194489,-6.317902,-3.020630,1,2,1,1,2,80.000000
2021-11-01 17:39:44.609,1.268441298126262,0.7612327800099669,0.7536874949957116,0.9472028227512629,0.907783599510104,0.3670826846535601,0.3583603831807568,0.7122278262084308,1.158662454701462,0.5191339947603253,0.3755426600230462,0.5182054591229137,0.6165950091728454,0.3354539748628771,0.1257778559599154,0.846019502754889,0.321909346204138,0.3160227745781712,-0.3460726853906222,0.6181965130576624,780.8791208791209,790.1465201465202,788.9377289377289,774.0293040293041,762.7472527472528,0.001587,0.018799,1.008667,6.205750,-6.183319,-1.966400,1,1,1,1,1,80.000000
2021-11-01 17:39:45.272,,,,,,,,,,,,,,,,,,,,,,,,,,,,,,,,,,,,,,/muse/elements/blink
2021-11-01 17:39:45.609,0.989045143074209,0.9740312638751033,0.560504782300307,1.379892139085048,0.0339588605738235,0.3525537282174735,0.1582123541465819,0.785964969933645,0.9042593411768062,0.4896247286391035,0.4582204073303974,0.9094109354728775,0.4170301063431989,0.2319331946082349,0.05884919123467417,0.9945139859660455,0.4352235181014236,0.007310229545987431,-0.3748028164311577,0.3991163180075488,609.6336996336996,809.0842490842491,780.8791208791209,632.6007326007326,684.1758241758242,-0.045593,0.043518,1.003967,17.936859,-0.254211,-12.822723,1,1,1,1,1,80.000000
2021-11-01 17:39:45.761,,,,,,,,,,,,,,,,,,,,,,,,,,,,,,,,,,,,,,/muse/elements/blink
2021-11-01 17:39:46.051,,,,,,,,,,,,,,,,,,,,,,,,,,,,,,,,,,,,,,/muse/elements/blink
2021-11-01 17:39:46.472,,,,,,,,,,,,,,,,,,,,,,,,,,,,,,,,,,,,,,/muse/elements/blink
2021-11-01 17:39:46.614,0.8994287094228191,1.816218840655842,1.676266350512658,1.458744264506708,0.04283557624925417,0.8916036608995115,1.134611618822247,0.6931063316861634,0.8136262373334493,0.5957196946708496,0.6359678126519817,0.9094109354728775,0.3584802997694878,0.5691703953635502,0.2833997574154885,0.9372500206572406,0.5189751786288472,0.6957796025338663,0.2286172322243508,0.4036339540472125,836.8864468864469,809.4871794871796,813.5164835164835,751.0622710622711,738.5714285714286,-0.087097,0.085510,1.005493,2.998199,-2.743988,-0.964508,1,1,1,1,1,80.000000
2021-11-01 17:39:47.510,,,,,,,,,,,,,,,,,,,,,,,,,,,,,,,,,,,,,,/muse/elements/blink
2021-11-01 17:39:47.611,0.8994287094228191,1.63090175311559,1.798334150032797,1.458744264506708,0.04283557624925417,0.8811712014061001,0.9895916835528398,0.6931063316861634,0.8136262373334493,0.7366144828138835,0.6368308608135012,0.9094109354728775,0.3584802997694878,0.9286508149492474,0.4720607544892539,0.9372500206572406,0.5189751786288472,0.8691999818886487,0.5922804415748526,0.4036339540472125,794.1758241758242,774.4322344322345,778.4615384615385,756.7032967032967,733.7362637362637,-0.080811,0.113953,0.996033,3.476715,-4.187012,-1.450500,1,1,1,1,1,80.000000
2021-11-01 17:39:48.610,0.8994287094228191,0.9258279359686302,0.9821384823285023,1.458744264506708,0.04283557624925417,0.3205074126566337,0.2589132530542145,0.6931063316861634,0.8136262373334493,0.5176943669045319,0.505297637830542,0.9094109354728775,0.3584802997694878,0.9149001229940696,0.2611418290987687,0.9372500206572406,0.5189751786288472,0.8068793764088337,0.1959113790365827,0.4036339540472125,798.6080586080586,800.2197802197802,807.4725274725275,804.2490842490843,698.6813186813187,-0.082031,0.113708,0.993469,3.476715,-3.013153,3.005676,1,2,1,1,2,80.000000
2021-11-01 17:39:49.191,,,,,,,,,,,,,,,,,,,,,,,,,,,,,,,,,,,,,,/muse/elements/blink
2021-11-01 17:39:49.623,0.8994287094228191,1.306112394982811,1.490273624376122,1.458744264506708,0.04283557624925417,0.7511313027429121,0.7267632843832964,0.6931063316861634,0.8136262373334493,0.5511060972566182,0.527018177719045,0.9094109354728775,0.3584802997694878,0.7184167191840568,0.4924185917942772,0.9372500206572406,0.5189751786288472,0.672988857819624,0.01636392792770436,0.4036339540472125,780.0732600732601,758.7179487179487,769.1941391941392,728.901098901099,918.6813186813187,-0.048767,0.098999,0.985107,5.338440,-6.646881,-3.476715,1,2,1,1,2,80.000000
2021-11-01 17:39:50.610,0.8994287094228191,1.472238173101531,1.547036604577161,1.458744264506708,0.04283557624925417,0.769883332299896,0.4811351542063357,0.6931063316861634,0.8136262373334493,0.6986859355362841,0.6489759460443398,0.9094109354728775,0.3584802997694878,0.5575683917778792,0.3626050033307071,0.9372500206572406,0.5189751786288472,0.1719248113962899,-0.03064717529699497,0.4036339540472125,792.5641025641025,792.5641025641025,795.3846153846154,831.2454212454213,740.5860805860806,-0.009827,0.067017,0.998779,2.183228,-14.243317,-2.287903,1,2,1,1,2,80.000000
2021-11-01 17:39:51.611,1.125973004677181,1.570715578291014,1.622075378031324,1.357881081086482,0.8142243847415951,0.9891776784713163,0.9305349835876168,1.248536938157446,0.8430602810796196,0.8382606824426906,1.073609478614497,0.8839265126918365,0.6912866076801096,0.6211700713195087,0.4955637484849897,0.9431590383017817,0.5903849236682382,0.1868872967376932,-0.1469693030442892,0.7034732215653616,789.7435897435897,844.9450549450549,828.8278388278388,719.6336996336996,812.3076923076924,0.030212,0.042358,1.007690,5.233765,-3.349609,-1.914062,1,1,1,1,1,80.000000
2021-11-01 17:39:51.867,,,,,,,,,,,,,,,,,,,,,,,,,,,,,,,,,,,,,,/muse/elements/blink
2021-11-01 17:39:52.247,,,,,,,,,,,,,,,,,,,,,,,,,,,,,,,,,,,,,,/muse/elements/blink
2021-11-01 17:39:52.610,1.237960894831062,1.878190468320283,1.551058006345851,1.464083058087652,0.9110151471901977,1.353471581886391,1.093538545103532,1.464880419061934,0.5971603510979218,0.7666177671502573,1.080342767579867,0.8342266698599007,0.7783063171215288,0.6315542556413642,0.6411329112080699,0.8514867274334643,0.5650662961669,0.05158209740485977,-0.1180329384760027,0.6874865957660344,855.4212454212454,867.9120879120879,1052.051282051282,1443.296703296703,797.3992673992674,0.113708,0.082520,1.035767,4.912262,-5.592651,1.525269,1,1,1,1,1,80.000000
2021-11-01 17:39:52.846,,,,,,,,,,,,,,,,,,,,,,,,,,,,,,,,,,,,,,/muse/elements/blink
2021-11-01 17:39:53.613,1.236272765557393,1.830896902431167,1.630779403441055,1.470117581485794,0.9578857456011992,1.375282331469285,1.113818492838682,1.515032819651364,0.5971603510979218,0.6319627021713896,0.9869978813960855,0.8065235553896638,0.8225365785980892,0.5731240241068867,0.4851608269768615,0.8098236003039559,0.4574163668898137,-0.1653078754004127,-0.09595190755543635,0.557541284493304,782.4908424908425,853.8095238095239,892.0879120879121,963.0036630036631,756.3003663003664,0.196838,0.013123,0.950500,5.136566,-9.794617,-2.557068,1,1,1,1,2,80.000000
2021-11-01 17:39:53.691,,,,,,,,,,,,,,,,,,,,,,,,,,,,,,,,,,,,,,/muse/elements/blink
2021-11-01 17:39:54.299,,,,,,,,,,,,,,,,,,,,,,,,,,,,,,,,,,,,,,/muse/elements/blink
2021-11-01 17:39:54.584,,,,,,,,,,,,,,,,,,,,,,,,,,,,,,,,,,,,,,/muse/elements/blink
2021-11-01 17:39:54.609,1.236272765557393,1.830896902431167,1.630779403441055,1.470117581485794,0.9578857456011992,1.375282331469285,1.113818492838682,1.515032819651364,0.5971603510979218,0.6319627021713896,0.9869978813960855,0.8065235553896638,0.8225365785980892,0.5731240241068867,0.4851608269768615,0.8098236003039559,0.4574163668898137,-0.1653078754004127,-0.09595190755543635,0.557541284493304,807.0695970695971,771.2087912087912,763.956043956044,785.7142857142858,696.2637362637363,0.031494,0.040100,1.015320,9.480591,-3.648682,-6.519775,1,2,1,1,2,80.000000
2021-11-01 17:39:55.194,,,,,,,,,,,,,,,,,,,,,,,,,,,,,,,,,,,,,,/muse/elements/blink
2021-11-01 17:39:55.610,1.236272765557393,0.9478189925452871,1.052693710425274,1.470117581485794,0.9578857456011992,0.120568578254615,0.6038029394133734,1.515032819651364,0.5971603510979218,0.3172227862015637,0.2812075658124237,0.8065235553896638,0.8225365785980892,0.3373500343109014,0.1842889151433184,0.8098236003039559,0.4574163668898137,-0.2132787483142433,-0.2114301235084113,0.557541284493304,176.0805860805861,271.978021978022,927.1428571428572,112.014652014652,742.1978021978023,0.007812,0.046814,1.014587,4.770203,-3.820648,-2.190704,1,2,1,1,2,80.000000
2021-11-01 17:39:55.703,,,,,,,,,,,,,,,,,,,,,,,,,,,,,,,,,,,,,,/muse/elements/blink
2021-11-01 17:39:56.035,,,,,,,,,,,,,,,,,,,,,,,,,,,,,,,,,,,,,,/muse/elements/blink
2021-11-01 17:39:56.615,1.236272765557393,0.8872098019104074,1.051737618334509,1.470117581485794,0.9578857456011992,0.1415482963496034,0.665864691911591,1.515032819651364,0.5971603510979218,0.2923770092716816,0.2797571282608696,0.8065235553896638,0.8225365785980892,0.3416319142575012,0.2247922324825691,0.8098236003039559,0.4574163668898137,-0.2056348206479677,-0.1545968661570948,0.557541284493304,802.2344322344322,815.934065934066,791.7582417582418,838.4981684981685,769.5970695970697,0.073242,0.004272,1.013000,3.386993,-3.551483,-1.061707,1,2,1,1,2,80.000000
2021-11-01 17:39:57.610,1.460649132239067,1.074565108475835,1.211039614791833,1.470117581485794,0.8260345722992039,0.5990585755518389,0.699959616628553,1.515032819651364,0.9350879212671954,0.3467273735459044,0.524570235004495,0.8065235553896638,0.5893966590625219,0.1776791442569298,0.1139130088043512,0.8098236003039559,0.321968145398518,-0.509602277159333,-0.3110263879137406,0.557541284493304,685.7875457875458,784.5054945054945,772.014652014652,616.080586080586,716.4102564102565,0.044495,0.000793,1.002747,-6.489868,-2.130890,-20.381775,1,1,1,1,1,80.000000
2021-11-01 17:39:57.725,,,,,,,,,,,,,,,,,,,,,,,,,,,,,,,,,,,,,,/muse/elements/blink
2021-11-01 17:39:58.610,1.576779766780926,1.569899655923583,1.380860426058575,1.470117581485794,0.9104980571313427,0.7739702688782709,0.7756482257034847,1.515032819651364,0.9274935086062659,0.5903851362273876,0.6999585223205177,0.8065235553896638,0.5998342644670163,0.218021976359562,0.1145334992419917,0.8098236003039559,0.2923054982430169,-0.2798024473501901,-0.2705641261091625,0.557541284493304,772.8205128205128,788.1318681318681,774.0293040293041,777.6556776556777,823.5897435897436,0.028503,0.014526,1.025940,10.220795,-9.510498,6.347809,1,1,1,1,1,80.000000
2021-11-01 17:39:59.610,1.177610618060924,1.253682393421104,0.6815760127668616,1.529150391013155,0.3266551060449021,0.4216009647730863,0.5670444150243449,1.322058293712512,0.8857117683051104,0.5198465051753816,0.6020097096617367,1.12067145915585,0.7338252299787115,0.06124845304696705,0.08139697311137975,0.8383254667716847,0.5769880140193495,-0.2160580865802811,-0.3434168087633304,0.430773839356578,790.5494505494506,793.3699633699634,790.1465201465202,744.2124542124542,646.7032967032967,0.016663,0.006470,1.006958,5.121613,-3.693542,-1.226196,1,1,1,1,1,80.000000
2021-11-01 17:40:00.171,,,,,,,,,,,,,,,,,,,,,,,,,,,,,,,,,,,,,,/muse/elements/blink
2021-11-01 17:40:00.610,1.040304885471024,0.8895379824958415,0.9780619944009022,1.280484699489201,0.3631273786716291,0.06802523665183853,0.2431038293865332,1.095614712995444,0.7603162101653905,0.3255140502993644,0.5329000766411301,1.106632115195668,0.7349690154681795,0.03427286274020151,-0.09189662219108771,0.7411043704515113,0.3325524110825075,-0.2926664938200027,-0.3907012171713302,0.5614031630115487,796.1904761904763,790.952380952381,781.6849816849817,743.8095238095239,889.2673992673992,0.040222,0.003479,1.012512,4.972076,-7.618866,-3.551483,1,1,1,1,1,80.000000
2021-11-01 17:40:01.609,0.9130150995706486,0.9133280275905045,1.14156744789906,1.244143554844561,0.5518730307992286,0.2231051918782894,0.2499153942960599,0.8044529380285887,0.3715777090243824,0.1704779297793703,0.414978541145307,0.7253005061813717,0.8006231226731806,0.2727807106362981,0.04816618820356767,0.6342851826090772,0.6861315162206274,-0.1096007327626957,-0.3725158418257772,0.6424138342912372,796.5934065934066,801.4285714285714,786.1172161172161,760.3296703296703,681.3553113553114,0.025574,0.005188,1.019836,4.291687,-6.459961,-0.127106,1,1,1,1,1,80.000000
2021-11-01 17:40:02.613,0.8624880715220058,0.6054056561178456,0.5393164447048816,1.470176305869337,0.8249182456293148,0.344501216107053,0.3678900819596861,0.7584827551097868,0.7510524307169731,0.5540660406918951,0.3773016939371825,1.192739562665339,0.8236697476353402,0.442750335773162,0.2321832393014434,0.9995217628911544,0.5965447204644468,0.197316176203685,-0.02726348914230141,1.001942176006843,791.3553113553114,810.2930402930403,787.7289377289378,770.4029304029305,645.4945054945055,-0.028442,-0.000366,1.025574,1.943970,2.444916,-1.173859,1,1,1,1,1,80.000000
2021-11-01 17:40:03.609,0.644980991763475,0.3689490385839211,0.3747115158171643,1.03101193262061,0.7592548792737648,0.267138319248357,0.3646911302022502,1.039018010157194,0.8894503062024705,0.794194109905179,0.5743058183710387,0.831048780333362,0.7851450850081624,0.7462559612582659,0.2725130350516315,1.249970540572572,0.4777063710200088,0.4618794254253077,0.1635926591633672,0.9864399581175671,795.3846153846154,800.6227106227107,793.7728937728938,769.5970695970697,695.4578754578755,0.000061,0.000183,1.013794,5.816956,-7.783356,-5.936584,1,1,1,1,1,80.000000
2021-11-01 17:40:04.611,0.7018157650198115,0.06597306764314211,0.725350443095922,1.567930626951403,0.4918937917324036,0.07985535728029643,-0.03870305336897042,1.19370947240793,0.9529773310518604,0.7438525114380523,0.3347185296926579,0.8507099872210752,0.7107079616983122,0.6586654584364479,0.1824345572246246,1.142946944966689,0.3249116018828319,0.3342746237970095,-0.2092205835932483,0.8224684308841695,805.4578754578755,794.5787545787546,800.2197802197802,811.9047619047619,599.9633699633699,-0.035522,0.023682,0.992798,5.001984,-3.820648,-6.474915,1,1,1,1,1,80.000000
2021-11-01 17:40:05.609,0.4675858671224647,0.2771931464636417,0.5153505349736038,1.347758218158563,0.4323332780245449,-0.0007970428024102705,0.1874968411176879,0.7862759704578561,0.8749434432969069,0.7267789775287053,0.3117771065943078,0.6970547285144018,0.6805652778995506,0.3212843936248737,0.08111183812136891,0.9130433465480311,0.3057493549874627,-0.04347338763494007,-0.4872340013277116,0.6659491727217659,545.1648351648352,782.893772893773,744.6153846153846,541.1355311355311,725.6776556776557,-0.018188,0.087097,1.018433,2.796326,-1.622467,-4.545898,1,1,1,1,1,80.000000
2021-11-01 17:40:05.808,,,,,,,,,,,,,,,,,,,,,,,,,,,,,,,,,,,,,,/muse/elements/blink
2021-11-01 17:40:06.386,,,,,,,,,,,,,,,,,,,,,,,,,,,,,,,,,,,,,,/muse/elements/blink
2021-11-01 17:40:06.609,0.3636687296587586,0.9208971868159279,1.721986956220044,0.4883659927463462,0.6042343074087557,0.1711775206093851,0.7722043900187922,0.6215672879982377,0.7546277713717759,0.6443110778411077,0.5261438281282583,0.6776929975320761,0.5862766382949024,0.5673522697650862,-0.07016060398740696,0.9443623174149923,0.3267283743096259,0.1530633309999015,-0.498292283542762,0.6983590046135578,783.2967032967033,800.2197802197802,811.9047619047619,722.8571428571429,697.0695970695971,-0.060364,0.047485,0.965515,3.416901,-0.515900,-5.308533,1,1,1,1,1,80.000000
2021-11-01 17:40:07.610,0.4186932401654842,1.040911561973883,1.645860172858699,0.5059834281312722,0.6344444532660172,0.1613548522131619,0.6421027281949149,0.6457877265097578,0.7546277713717759,0.6118793146617001,0.5425760545833204,0.6574736043038631,0.6253729555627157,0.6046218581158903,0.2023303664342045,0.9471792809103933,0.3514955148244716,0.219129301323559,-0.3505848167658802,0.6984691319974012,795.3846153846154,783.2967032967033,792.5641025641025,807.0695970695971,943.6630036630037,0.087402,0.040405,1.040405,3.887939,-12.097473,-1.360779,1,1,1,1,1,80.000000
